sid,age,gender,stream,attendance,internal,sem_marks,hours_study,result
1,20,M,science,85,24,58,3.5,pass
2,21,F,commerce,72,18,42,2.0,pass
3,19,M,arts,55,12,28,1.0,fail
4,22,F,science,90,27,65,4.0,pass
5,20,M,commerce,60,15,35,1.5,fail
6,21,F,arts,78,20,47,2.5,pass
7,23,M,science,40,10,22,0.5,fail
8,20,F,science,88,26,61,3.0,pass
9,19,M,commerce,65,,38,2.0,fail
10,21,F,arts,82,22,50,2.5,pass
11,20,M,science,70,19,44,2.0,pass
12,22,F,commerce,50,11,30,1.0,fail
13,21,M,arts,93,28,66,4.5,pass
14,20,F,science,58,14,33,1.5,fail
15,19,M,commerce,75,21,49,2.5,pass
16,23,F,arts,45,9,25,0.5,fail
17,20,M,science,80,23,55,3.0,pass
18,21,F,commerce,,17,41,2.0,pass
19,22,M,arts,62,13,31,1.0,fail
20,20,F,science,95,29,68,5.0,pass
21,21,M,commerce,68,16,39,1.5,fail
22,19,F,arts,84,25,57,3.5,pass
23,20,M,science,52,12,29,1.0,fail
24,22,F,commerce,77,20,46,2.5,pass
25,21,M,arts,66,18,43,2.0,pass
26,20,F,science,48,10,26,0.5,fail
27,19,M,commerce,86,24,59,3.0,pass
28,23,F,arts,71,19,45,2.0,pass
29,20,M,science,57,13,34,1.5,fail
30,21,F,commerce,89,27,63,4.0,pass
